id,coinname,abbreviation,logo_url,api_id
1,Bitcoin,BTC,https://s2.coinmarketcap.com/static/img/coins/64x64/1.png,1
2,Ethereum,ETH,https://s2.coinmarketcap.com/static/img/coins/64x64/1027.png,1027
3,Tether USDt,USDT,https://s2.coinmarketcap.com/static/img/coins/64x64/825.png,825
4,XRP,XRP,https://s2.coinmarketcap.com/static/img/coins/64x64/52.png,52
5,BNB,BNB,https://s2.coinmarketcap.com/static/img/coins/64x64/1839.png,1839
6,Solana,SOL,https://s2.coinmarketcap.com/static/img/coins/64x64/5426.png,5426
7,USDC,USDC,https://s2.coinmarketcap.com/static/img/coins/64x64/3408.png,3408
8,Cardano,ADA,https://s2.coinmarketcap.com/static/img/coins/64x64/2010.png,2010
9,Dogecoin,DOGE,https://s2.coinmarketcap.com/static/img/coins/64x64/74.png,74
10,TRON,TRX,https://s2.coinmarketcap.com/static/img/coins/64x64/1958.png,1958
11,Pi,PI,https://s2.coinmarketcap.com/static/img/coins/64x64/35697.png,35697
12,UNUS SED LEO,LEO,https://s2.coinmarketcap.com/static/img/coins/64x64/3957.png,3957
13,Hedera,HBAR,https://s2.coinmarketcap.com/static/img/coins/64x64/4642.png,4642
14,Chainlink,LINK,https://s2.coinmarketcap.com/static/img/coins/64x64/1975.png,1975
15,Stellar,XLM,https://s2.coinmarketcap.com/static/img/coins/64x64/512.png,512
16,Avalanche,AVAX,https://s2.coinmarketcap.com/static/img/coins/64x64/5805.png,5805
17,Shiba Inu,SHIB,https://s2.coinmarketcap.com/static/img/coins/64x64/5994.png,5994
18,Sui,SUI,https://s2.coinmarketcap.com/static/img/coins/64x64/20947.png,20947
19,Litecoin,LTC,https://s2.coinmarketcap.com/static/img/coins/64x64/2.png,2
20,Bitcoin Cash,BCH,https://s2.coinmarketcap.com/static/img/coins/64x64/1831.png,1831
21,Toncoin,TON,https://s2.coinmarketcap.com/static/img/coins/64x64/11419.png,11419
22,MANTRA,OM,https://s2.coinmarketcap.com/static/img/coins/64x64/6536.png,6536
23,Polkadot,DOT,https://s2.coinmarketcap.com/static/img/coins/64x64/6636.png,6636
24,Ethena USDe,USDe,https://s2.coinmarketcap.com/static/img/coins/64x64/29470.png,29470
25,Dai,DAI,https://s2.coinmarketcap.com/static/img/coins/64x64/4943.png,4943
26,Bitget Token,BGB,https://s2.coinmarketcap.com/static/img/coins/64x64/11092.png,11092
27,Hyperliquid,HYPE,https://s2.coinmarketcap.com/static/img/coins/64x64/32196.png,32196
28,Monero,XMR,https://s2.coinmarketcap.com/static/img/coins/64x64/328.png,328
29,Uniswap,UNI,https://s2.coinmarketcap.com/static/img/coins/64x64/7083.png,7083
30,Aptos,APT,https://s2.coinmarketcap.com/static/img/coins/64x64/21794.png,21794
31,NEAR Protocol,NEAR,https://s2.coinmarketcap.com/static/img/coins/64x64/6535.png,6535
32,Pepe,PEPE,https://s2.coinmarketcap.com/static/img/coins/64x64/24478.png,24478
33,Ondo,ONDO,https://s2.coinmarketcap.com/static/img/coins/64x64/21159.png,21159
34,Ethereum Classic,ETC,https://s2.coinmarketcap.com/static/img/coins/64x64/1321.png,1321
35,Internet Computer,ICP,https://s2.coinmarketcap.com/static/img/coins/64x64/8916.png,8916
36,Aave,AAVE,https://s2.coinmarketcap.com/static/img/coins/64x64/7278.png,7278
37,Mantle,MNT,https://s2.coinmarketcap.com/static/img/coins/64x64/27075.png,27075
38,OKB,OKB,https://s2.coinmarketcap.com/static/img/coins/64x64/3897.png,3897
39,Bittensor,TAO,https://s2.coinmarketcap.com/static/img/coins/64x64/22974.png,22974
40,Cronos,CRO,https://s2.coinmarketcap.com/static/img/coins/64x64/3635.png,3635
41,First Digital USD,FDUSD,https://s2.coinmarketcap.com/static/img/coins/64x64/26081.png,26081
42,VeChain,VET,https://s2.coinmarketcap.com/static/img/coins/64x64/3077.png,3077
43,OFFICIAL TRUMP,TRUMP,https://s2.coinmarketcap.com/static/img/coins/64x64/35336.png,35336
44,Celestia,TIA,https://s2.coinmarketcap.com/static/img/coins/64x64/22861.png,22861
45,POL (prev. MATIC),POL,https://s2.coinmarketcap.com/static/img/coins/64x64/28321.png,28321
46,Filecoin,FIL,https://s2.coinmarketcap.com/static/img/coins/64x64/2280.png,2280
47,Kaspa,KAS,https://s2.coinmarketcap.com/static/img/coins/64x64/20396.png,20396
48,GateToken,GT,https://s2.coinmarketcap.com/static/img/coins/64x64/4269.png,4269
49,Algorand,ALGO,https://s2.coinmarketcap.com/static/img/coins/64x64/4030.png,4030
50,Render,RENDER,https://s2.coinmarketcap.com/static/img/coins/64x64/5690.png,5690
51,Cosmos,ATOM,https://s2.coinmarketcap.com/static/img/coins/64x64/3794.png,3794
52,Arbitrum,ARB,https://s2.coinmarketcap.com/static/img/coins/64x64/11841.png,11841
53,Story,IP,https://s2.coinmarketcap.com/static/img/coins/64x64/35626.png,35626
54,DeXe,DEXE,https://s2.coinmarketcap.com/static/img/coins/64x64/7326.png,7326
55,Jupiter,JUP,https://s2.coinmarketcap.com/static/img/coins/64x64/29210.png,29210
56,Optimism,OP,https://s2.coinmarketcap.com/static/img/coins/64x64/11840.png,11840
57,KuCoin Token,KCS,https://s2.coinmarketcap.com/static/img/coins/64x64/2087.png,2087
58,Sonic (prev. FTM),S,https://s2.coinmarketcap.com/static/img/coins/64x64/32684.png,32684
59,Artificial Superintelligence Alliance,FET,https://s2.coinmarketcap.com/static/img/coins/64x64/3773.png,3773
60,Ethena,ENA,https://s2.coinmarketcap.com/static/img/coins/64x64/30171.png,30171
61,Movement,MOVE,https://s2.coinmarketcap.com/static/img/coins/64x64/32452.png,32452
62,XDC Network,XDC,https://s2.coinmarketcap.com/static/img/coins/64x64/2634.png,2634
63,Stacks,STX,https://s2.coinmarketcap.com/static/img/coins/64x64/4847.png,4847
64,Injective,INJ,https://s2.coinmarketcap.com/static/img/coins/64x64/7226.png,7226
65,Immutable,IMX,https://s2.coinmarketcap.com/static/img/coins/64x64/10603.png,10603
66,Maker,MKR,https://s2.coinmarketcap.com/static/img/coins/64x64/1518.png,1518
67,Quant,QNT,https://s2.coinmarketcap.com/static/img/coins/64x64/3155.png,3155
68,Flare,FLR,https://s2.coinmarketcap.com/static/img/coins/64x64/7950.png,7950
69,Worldcoin,WLD,https://s2.coinmarketcap.com/static/img/coins/64x64/13502.png,13502
70,Theta Network,THETA,https://s2.coinmarketcap.com/static/img/coins/64x64/2416.png,2416
71,The Graph,GRT,https://s2.coinmarketcap.com/static/img/coins/64x64/6719.png,6719
72,Sei,SEI,https://s2.coinmarketcap.com/static/img/coins/64x64/23149.png,23149
73,Lido DAO,LDO,https://s2.coinmarketcap.com/static/img/coins/64x64/8000.png,8000
74,Bonk,BONK,https://s2.coinmarketcap.com/static/img/coins/64x64/23095.png,23095
75,EOS,EOS,https://s2.coinmarketcap.com/static/img/coins/64x64/1765.png,1765
76,Tether Gold,XAUt,https://s2.coinmarketcap.com/static/img/coins/64x64/5176.png,5176
77,PayPal USD,PYUSD,https://s2.coinmarketcap.com/static/img/coins/64x64/27772.png,27772
78,Gala,GALA,https://s2.coinmarketcap.com/static/img/coins/64x64/7080.png,7080
79,Tezos,XTZ,https://s2.coinmarketcap.com/static/img/coins/64x64/2011.png,2011
80,The Sandbox,SAND,https://s2.coinmarketcap.com/static/img/coins/64x64/6210.png,6210
81,Nexo,NEXO,https://s2.coinmarketcap.com/static/img/coins/64x64/2694.png,2694
82,BitTorrent [New],BTT,https://s2.coinmarketcap.com/static/img/coins/64x64/16086.png,16086
83,JasmyCoin,JASMY,https://s2.coinmarketcap.com/static/img/coins/64x64/8425.png,8425
84,Jito,JTO,https://s2.coinmarketcap.com/static/img/coins/64x64/28541.png,28541
85,IOTA,IOTA,https://s2.coinmarketcap.com/static/img/coins/64x64/1720.png,1720
86,Kaia,KAIA,https://s2.coinmarketcap.com/static/img/coins/64x64/32880.png,32880
87,Bitcoin SV,BSV,https://s2.coinmarketcap.com/static/img/coins/64x64/3602.png,3602
88,Berachain,BERA,https://s2.coinmarketcap.com/static/img/coins/64x64/24647.png,24647
89,PAX Gold,PAXG,https://s2.coinmarketcap.com/static/img/coins/64x64/4705.png,4705
90,Flow,FLOW,https://s2.coinmarketcap.com/static/img/coins/64x64/4558.png,4558
91,FLOKI,FLOKI,https://s2.coinmarketcap.com/static/img/coins/64x64/10804.png,10804
92,Ethereum Name Service,ENS,https://s2.coinmarketcap.com/static/img/coins/64x64/13855.png,13855
93,Neo,NEO,https://s2.coinmarketcap.com/static/img/coins/64x64/1376.png,1376
94,Decentraland,MANA,https://s2.coinmarketcap.com/static/img/coins/64x64/1966.png,1966
95,Curve DAO Token,CRV,https://s2.coinmarketcap.com/static/img/coins/64x64/6538.png,6538
96,Pyth Network,PYTH,https://s2.coinmarketcap.com/static/img/coins/64x64/28177.png,28177
97,MultiversX,EGLD,https://s2.coinmarketcap.com/static/img/coins/64x64/6892.png,6892
98,Axie Infinity,AXS,https://s2.coinmarketcap.com/static/img/coins/64x64/6783.png,6783
99,TrueUSD,TUSD,https://s2.coinmarketcap.com/static/img/coins/64x64/2563.png,2563
100,Ronin,RON,https://s2.coinmarketcap.com/static/img/coins/64x64/14101.png,14101
101,Helium,HNT,https://s2.coinmarketcap.com/static/img/coins/64x64/5665.png,5665
102,Kava,KAVA,https://s2.coinmarketcap.com/static/img/coins/64x64/4846.png,4846
103,Zcash,ZEC,https://s2.coinmarketcap.com/static/img/coins/64x64/1437.png,1437
104,Starknet,STRK,https://s2.coinmarketcap.com/static/img/coins/64x64/22691.png,22691
105,dYdX,DYDX,https://s2.coinmarketcap.com/static/img/coins/64x64/28324.png,28324
106,Onyxcoin,XCN,https://s2.coinmarketcap.com/static/img/coins/64x64/18679.png,18679
107,Raydium,RAY,https://s2.coinmarketcap.com/static/img/coins/64x64/8526.png,8526
108,dogwifhat,WIF,https://s2.coinmarketcap.com/static/img/coins/64x64/28752.png,28752
109,PancakeSwap,CAKE,https://s2.coinmarketcap.com/static/img/coins/64x64/7186.png,7186
110,APENFT,NFT,https://s2.coinmarketcap.com/static/img/coins/64x64/9816.png,9816
111,Aerodrome Finance,AERO,https://s2.coinmarketcap.com/static/img/coins/64x64/29270.png,29270
112,Four,FORM,https://s2.coinmarketcap.com/static/img/coins/64x64/23635.png,23635
113,Polygon,MATIC,https://s2.coinmarketcap.com/static/img/coins/64x64/3890.png,3890
114,Chiliz,CHZ,https://s2.coinmarketcap.com/static/img/coins/64x64/4066.png,4066
115,eCash,XEC,https://s2.coinmarketcap.com/static/img/coins/64x64/10791.png,10791
116,FTX Token,FTT,https://s2.coinmarketcap.com/static/img/coins/64x64/4195.png,4195
117,Core,CORE,https://s2.coinmarketcap.com/static/img/coins/64x64/23254.png,23254
118,THORChain,RUNE,https://s2.coinmarketcap.com/static/img/coins/64x64/4157.png,4157
119,Arweave,AR,https://s2.coinmarketcap.com/static/img/coins/64x64/5632.png,5632
120,Conflux,CFX,https://s2.coinmarketcap.com/static/img/coins/64x64/7334.png,7334
121,ApeCoin,APE,https://s2.coinmarketcap.com/static/img/coins/64x64/18876.png,18876
122,Pudgy Penguins,PENGU,https://s2.coinmarketcap.com/static/img/coins/64x64/34466.png,34466
123,Virtuals Protocol,VIRTUAL,https://s2.coinmarketcap.com/static/img/coins/64x64/29420.png,29420
124,Official Melania Meme,MELANIA,https://s2.coinmarketcap.com/static/img/coins/64x64/35347.png,35347
125,Compound,COMP,https://s2.coinmarketcap.com/static/img/coins/64x64/5692.png,5692
126,Trust Wallet Token,TWT,https://s2.coinmarketcap.com/static/img/coins/64x64/5964.png,5964
127,Akash Network,AKT,https://s2.coinmarketcap.com/static/img/coins/64x64/7431.png,7431
128,Axelar,AXL,https://s2.coinmarketcap.com/static/img/coins/64x64/17799.png,17799
129,Amp,AMP,https://s2.coinmarketcap.com/static/img/coins/64x64/6945.png,6945
130,Pendle,PENDLE,https://s2.coinmarketcap.com/static/img/coins/64x64/9481.png,9481
131,Terra Classic,LUNC,https://s2.coinmarketcap.com/static/img/coins/64x64/4172.png,4172
132,KAITO,KAITO,https://s2.coinmarketcap.com/static/img/coins/64x64/35763.png,35763
133,Gnosis,GNO,https://s2.coinmarketcap.com/static/img/coins/64x64/1659.png,1659
134,Mina,MINA,https://s2.coinmarketcap.com/static/img/coins/64x64/8646.png,8646
135,Grass,GRASS,https://s2.coinmarketcap.com/static/img/coins/64x64/32956.png,32956
136,Reserve Rights,RSR,https://s2.coinmarketcap.com/static/img/coins/64x64/3964.png,3964
137,AIOZ Network,AIOZ,https://s2.coinmarketcap.com/static/img/coins/64x64/9104.png,9104
138,Morpho,MORPHO,https://s2.coinmarketcap.com/static/img/coins/64x64/34104.png,34104
139,JUST,JST,https://s2.coinmarketcap.com/static/img/coins/64x64/5488.png,5488
140,SPX6900,SPX,https://s2.coinmarketcap.com/static/img/coins/64x64/28081.png,28081
141,Brett (Based),BRETT,https://s2.coinmarketcap.com/static/img/coins/64x64/29743.png,29743
142,Beam,BEAM,https://s2.coinmarketcap.com/static/img/coins/64x64/28298.png,28298
143,Golem,GLM,https://s2.coinmarketcap.com/static/img/coins/64x64/1455.png,1455
144,Synthetix,SNX,https://s2.coinmarketcap.com/static/img/coins/64x64/2586.png,2586
145,1inch Network,1INCH,https://s2.coinmarketcap.com/static/img/coins/64x64/8104.png,8104
146,SafePal,SFP,https://s2.coinmarketcap.com/static/img/coins/64x64/8119.png,8119
147,MX Token,MX,https://s2.coinmarketcap.com/static/img/coins/64x64/4041.png,4041
148,Dash,DASH,https://s2.coinmarketcap.com/static/img/coins/64x64/131.png,131
149,Creditcoin,CTC,https://s2.coinmarketcap.com/static/img/coins/64x64/5198.png,5198
150,EigenLayer,EIGEN,https://s2.coinmarketcap.com/static/img/coins/64x64/30494.png,30494
151,SATS (Ordinals),SATS,https://s2.coinmarketcap.com/static/img/coins/64x64/28194.png,28194
152,Fartcoin,FARTCOIN,https://s2.coinmarketcap.com/static/img/coins/64x64/33597.png,33597
153,Wormhole,W,https://s2.coinmarketcap.com/static/img/coins/64x64/29587.png,29587
154,ZKsync,ZK,https://s2.coinmarketcap.com/static/img/coins/64x64/24091.png,24091
155,Kusama,KSM,https://s2.coinmarketcap.com/static/img/coins/64x64/5034.png,5034
156,Theta Fuel,TFUEL,https://s2.coinmarketcap.com/static/img/coins/64x64/3822.png,3822
157,Astar,ASTR,https://s2.coinmarketcap.com/static/img/coins/64x64/12885.png,12885
158,Aethir,ATH,https://s2.coinmarketcap.com/static/img/coins/64x64/30083.png,30083
159,Zilliqa,ZIL,https://s2.coinmarketcap.com/static/img/coins/64x64/2469.png,2469
160,Polyhedra Network,ZKJ,https://s2.coinmarketcap.com/static/img/coins/64x64/29779.png,29779
161,Blur,BLUR,https://s2.coinmarketcap.com/static/img/coins/64x64/23121.png,23121
162,SuperVerse,SUPER,https://s2.coinmarketcap.com/static/img/coins/64x64/8290.png,8290
163,DeepBook Protocol,DEEP,https://s2.coinmarketcap.com/static/img/coins/64x64/33391.png,33391
164,Qtum,QTUM,https://s2.coinmarketcap.com/static/img/coins/64x64/1684.png,1684
165,Notcoin,NOT,https://s2.coinmarketcap.com/static/img/coins/64x64/28850.png,28850
166,Oasis,ROSE,https://s2.coinmarketcap.com/static/img/coins/64x64/7653.png,7653
167,Basic Attention Token,BAT,https://s2.coinmarketcap.com/static/img/coins/64x64/1697.png,1697
168,Mask Network,MASK,https://s2.coinmarketcap.com/static/img/coins/64x64/8536.png,8536
169,Nervos Network,CKB,https://s2.coinmarketcap.com/static/img/coins/64x64/4948.png,4948
170,Safe,SAFE,https://s2.coinmarketcap.com/static/img/coins/64x64/21585.png,21585
171,VeThor Token,VTHO,https://s2.coinmarketcap.com/static/img/coins/64x64/3012.png,3012
172,Alchemy Pay,ACH,https://s2.coinmarketcap.com/static/img/coins/64x64/6958.png,6958
173,0x Protocol,ZRX,https://s2.coinmarketcap.com/static/img/coins/64x64/1896.png,1896
174,Livepeer,LPT,https://s2.coinmarketcap.com/static/img/coins/64x64/3640.png,3640
175,SPACE ID,ID,https://s2.coinmarketcap.com/static/img/coins/64x64/21846.png,21846
176,Solayer,LAYER,https://s2.coinmarketcap.com/static/img/coins/64x64/35429.png,35429
177,LayerZero,ZRO,https://s2.coinmarketcap.com/static/img/coins/64x64/26997.png,26997
178,WEMIX,WEMIX,https://s2.coinmarketcap.com/static/img/coins/64x64/7548.png,7548
179,Baby Doge Coin,BabyDoge,https://s2.coinmarketcap.com/static/img/coins/64x64/10407.png,10407
180,Holo,HOT,https://s2.coinmarketcap.com/static/img/coins/64x64/2682.png,2682
181,Celo,CELO,https://s2.coinmarketcap.com/static/img/coins/64x64/5567.png,5567
182,Act I : The AI Prophecy,ACT,https://s2.coinmarketcap.com/static/img/coins/64x64/33566.png,33566
183,Osmosis,OSMO,https://s2.coinmarketcap.com/static/img/coins/64x64/12220.png,12220
184,Decred,DCR,https://s2.coinmarketcap.com/static/img/coins/64x64/1168.png,1168
185,Gas,GAS,https://s2.coinmarketcap.com/static/img/coins/64x64/1785.png,1785
186,Ravencoin,RVN,https://s2.coinmarketcap.com/static/img/coins/64x64/2577.png,2577
187,ORDI,ORDI,https://s2.coinmarketcap.com/static/img/coins/64x64/25028.png,25028
188,ai16z,AI16Z,https://s2.coinmarketcap.com/static/img/coins/64x64/34026.png,34026
189,OriginTrail,TRAC,https://s2.coinmarketcap.com/static/img/coins/64x64/2467.png,2467
190,Dog (Bitcoin),DOG,https://s2.coinmarketcap.com/static/img/coins/64x64/30933.png,30933
191,Convex Finance,CVX,https://s2.coinmarketcap.com/static/img/coins/64x64/9903.png,9903
192,Chia,XCH,https://s2.coinmarketcap.com/static/img/coins/64x64/9258.png,9258
193,Cheems (cheems.pet),CHEEMS,https://s2.coinmarketcap.com/static/img/coins/64x64/33280.png,33280
194,Siacoin,SC,https://s2.coinmarketcap.com/static/img/coins/64x64/1042.png,1042
195,Ankr,ANKR,https://s2.coinmarketcap.com/static/img/coins/64x64/3783.png,3783
196,NEM,XEM,https://s2.coinmarketcap.com/static/img/coins/64x64/873.png,873
197,Mog Coin,MOG,https://s2.coinmarketcap.com/static/img/coins/64x64/27659.png,27659
198,yearn.finance,YFI,https://s2.coinmarketcap.com/static/img/coins/64x64/5864.png,5864
199,Waves,WAVES,https://s2.coinmarketcap.com/static/img/coins/64x64/1274.png,1274
200,Moca Network,MOCA,https://s2.coinmarketcap.com/static/img/coins/64x64/31526.png,31526
201,Fasttoken,FTN,https://s2.coinmarketcap.com/static/img/coins/64x64/22615.png,22615
202,Usual USD,USD0,https://s2.coinmarketcap.com/static/img/coins/64x64/32307.png,32307
203,Zeebu,ZBU,https://s2.coinmarketcap.com/static/img/coins/64x64/27765.png,27765
204,AB,AB,https://s2.coinmarketcap.com/static/img/coins/64x64/3871.png,3871
205,Dohrnii,DHN,https://s2.coinmarketcap.com/static/img/coins/64x64/20279.png,20279
206,Ultima,ULTIMA,https://s2.coinmarketcap.com/static/img/coins/64x64/28293.png,28293
207,Fellaz,FLZ,https://s2.coinmarketcap.com/static/img/coins/64x64/20787.png,20787
208,would,WOULD,https://s2.coinmarketcap.com/static/img/coins/64x64/35837.png,35837
209,Telcoin,TEL,https://s2.coinmarketcap.com/static/img/coins/64x64/2394.png,2394
210,Beldex,BDX,https://s2.coinmarketcap.com/static/img/coins/64x64/3987.png,3987
211,Cheelee,CHEEL,https://s2.coinmarketcap.com/static/img/coins/64x64/23054.png,23054
212,Legacy Frax Dollar,FRAX,https://s2.coinmarketcap.com/static/img/coins/64x64/6952.png,6952
213,WhiteRock,WHITE,https://s2.coinmarketcap.com/static/img/coins/64x64/34143.png,34143
214,Ondo US Dollar Yield,USDY,https://s2.coinmarketcap.com/static/img/coins/64x64/29256.png,29256
215,Olympus v2,OHM,https://s2.coinmarketcap.com/static/img/coins/64x64/9067.png,9067
216,Elixir deUSD,DEUSD,https://s2.coinmarketcap.com/static/img/coins/64x64/31024.png,31024
217,Snek,SNEK,https://s2.coinmarketcap.com/static/img/coins/64x64/25264.png,25264
218,Staika,STIK,https://s2.coinmarketcap.com/static/img/coins/64x64/23951.png,23951
219,USDD,USDD,https://s2.coinmarketcap.com/static/img/coins/64x64/19891.png,19891
220,Chintai,CHEX,https://s2.coinmarketcap.com/static/img/coins/64x64/8534.png,8534
221,Venice Token,VVV,https://s2.coinmarketcap.com/static/img/coins/64x64/35509.png,35509
222,UPCX,UPC,https://s2.coinmarketcap.com/static/img/coins/64x64/28654.png,28654
223,SwissBorg,BORG,https://s2.coinmarketcap.com/static/img/coins/64x64/2499.png,2499
224,Rollbit Coin,RLB,https://s2.coinmarketcap.com/static/img/coins/64x64/15271.png,15271
225,Go–úining,GOMINING,https://s2.coinmarketcap.com/static/img/coins/64x64/10180.png,10180
226,AI Companions,AIC,https://s2.coinmarketcap.com/static/img/coins/64x64/32968.png,32968
227,Bounce Token,AUCTION,https://s2.coinmarketcap.com/static/img/coins/64x64/8602.png,8602
228,Threshold,T,https://s2.coinmarketcap.com/static/img/coins/64x64/17751.png,17751
229,Enjin Coin,ENJ,https://s2.coinmarketcap.com/static/img/coins/64x64/2130.png,2130
230,aelf,ELF,https://s2.coinmarketcap.com/static/img/coins/64x64/2299.png,2299
231,Solana Swap,SOS,https://s2.coinmarketcap.com/static/img/coins/64x64/33110.png,33110
232,Peanut the Squirrel,PNUT,https://s2.coinmarketcap.com/static/img/coins/64x64/33788.png,33788
233,Hivemapper,HONEY,https://s2.coinmarketcap.com/static/img/coins/64x64/22850.png,22850
234,cat in a dogs world,MEW,https://s2.coinmarketcap.com/static/img/coins/64x64/30126.png,30126
235,SushiSwap,SUSHI,https://s2.coinmarketcap.com/static/img/coins/64x64/6758.png,6758
236,Harmony,ONE,https://s2.coinmarketcap.com/static/img/coins/64x64/3945.png,3945
237,Sun [New],SUN,https://s2.coinmarketcap.com/static/img/coins/64x64/10529.png,10529
238,IoTeX,IOTX,https://s2.coinmarketcap.com/static/img/coins/64x64/2777.png,2777
239,ZetaChain,ZETA,https://s2.coinmarketcap.com/static/img/coins/64x64/21259.png,21259
240,ether.fi,ETHFI,https://s2.coinmarketcap.com/static/img/coins/64x64/29814.png,29814
241,Toshi,TOSHI,https://s2.coinmarketcap.com/static/img/coins/64x64/27750.png,27750
242,XYO,XYO,https://s2.coinmarketcap.com/static/img/coins/64x64/2765.png,2765
243,WOO,WOO,https://s2.coinmarketcap.com/static/img/coins/64x64/7501.png,7501
244,RedStone,RED,https://s2.coinmarketcap.com/static/img/coins/64x64/21707.png,21707
245,Popcat (SOL),POPCAT,https://s2.coinmarketcap.com/static/img/coins/64x64/28782.png,28782
246,Drift,DRIFT,https://s2.coinmarketcap.com/static/img/coins/64x64/31278.png,31278
247,EthereumPoW,ETHW,https://s2.coinmarketcap.com/static/img/coins/64x64/21296.png,21296
248,Turbo,TURBO,https://s2.coinmarketcap.com/static/img/coins/64x64/24911.png,24911
249,SKALE,SKL,https://s2.coinmarketcap.com/static/img/coins/64x64/5691.png,5691
250,B3 (Base),B3,https://s2.coinmarketcap.com/static/img/coins/64x64/35690.png,35690
251,DigiByte,DGB,https://s2.coinmarketcap.com/static/img/coins/64x64/109.png,109
252,Vana,VANA,https://s2.coinmarketcap.com/static/img/coins/64x64/34619.png,34619
253,UXLINK,UXLINK,https://s2.coinmarketcap.com/static/img/coins/64x64/32257.png,32257
254,Nano,XNO,https://s2.coinmarketcap.com/static/img/coins/64x64/1567.png,1567
255,Destra Network,DSYNC,https://s2.coinmarketcap.com/static/img/coins/64x64/29884.png,29884
256,Hamster Kombat,HMSTR,https://s2.coinmarketcap.com/static/img/coins/64x64/32195.png,32195
257,Loopring,LRC,https://s2.coinmarketcap.com/static/img/coins/64x64/1934.png,1934
258,Gigachad,GIGA,https://s2.coinmarketcap.com/static/img/coins/64x64/30063.png,30063
259,GMX,GMX,https://s2.coinmarketcap.com/static/img/coins/64x64/11857.png,11857
260,Horizen,ZEN,https://s2.coinmarketcap.com/static/img/coins/64x64/1698.png,1698
261,EURC,EURC,https://s2.coinmarketcap.com/static/img/coins/64x64/20641.png,20641
262,48 Club Token,KOGE,https://s2.coinmarketcap.com/static/img/coins/64x64/7184.png,7184
263,STASIS EURO,EURS,https://s2.coinmarketcap.com/static/img/coins/64x64/2989.png,2989
264,Terra,LUNA,https://s2.coinmarketcap.com/static/img/coins/64x64/20314.png,20314
265,Ripple USD,RLUSD,https://s2.coinmarketcap.com/static/img/coins/64x64/34387.png,34387
266,Casper,CSPR,https://s2.coinmarketcap.com/static/img/coins/64x64/5899.png,5899
267,Magic Eden,ME,https://s2.coinmarketcap.com/static/img/coins/64x64/32197.png,32197
268,Metaplex,MPLX,https://s2.coinmarketcap.com/static/img/coins/64x64/21870.png,21870
269,Mythos,MYTH,https://s2.coinmarketcap.com/static/img/coins/64x64/22125.png,22125
270,Constellation,DAG,https://s2.coinmarketcap.com/static/img/coins/64x64/2868.png,2868
271,Global Dollar,USDG,https://s2.coinmarketcap.com/static/img/coins/64x64/33793.png,33793
272,Kadena,KDA,https://s2.coinmarketcap.com/static/img/coins/64x64/5647.png,5647
273,Orbler,ORBR,https://s2.coinmarketcap.com/static/img/coins/64x64/17520.png,17520
274,Frax (prev. FXS),FRAX,https://s2.coinmarketcap.com/static/img/coins/64x64/6953.png,6953
275,Gravity (by Galxe),G,https://s2.coinmarketcap.com/static/img/coins/64x64/32120.png,32120
276,GMT,GMT,https://s2.coinmarketcap.com/static/img/coins/64x64/18069.png,18069
277,Echelon Prime,PRIME,https://s2.coinmarketcap.com/static/img/coins/64x64/23711.png,23711
278,Ontology,ONT,https://s2.coinmarketcap.com/static/img/coins/64x64/2566.png,2566
279,Freysa,FAI,https://s2.coinmarketcap.com/static/img/coins/64x64/34330.png,34330
280,Solar,SXP,https://s2.coinmarketcap.com/static/img/coins/64x64/4279.png,4279
281,Polymesh,POLYX,https://s2.coinmarketcap.com/static/img/coins/64x64/20362.png,20362
282,AWE Network,AWE,https://s2.coinmarketcap.com/static/img/coins/64x64/4006.png,4006
283,Band Protocol,BAND,https://s2.coinmarketcap.com/static/img/coins/64x64/4679.png,4679
284,LCX,LCX,https://s2.coinmarketcap.com/static/img/coins/64x64/4950.png,4950
285,Hive,HIVE,https://s2.coinmarketcap.com/static/img/coins/64x64/5370.png,5370
286,KUB Coin,KUB,https://s2.coinmarketcap.com/static/img/coins/64x64/16093.png,16093
287,Arkham,ARKM,https://s2.coinmarketcap.com/static/img/coins/64x64/27565.png,27565
288,io.net,IO,https://s2.coinmarketcap.com/static/img/coins/64x64/29835.png,29835
289,COTI,COTI,https://s2.coinmarketcap.com/static/img/coins/64x64/3992.png,3992
290,Acet,ACT,https://s2.coinmarketcap.com/static/img/coins/64x64/11706.png,11706
291,ZIGChain,ZIG,https://s2.coinmarketcap.com/static/img/coins/64x64/9260.png,9260
292,Bio Protocol,BIO,https://s2.coinmarketcap.com/static/img/coins/64x64/34812.png,34812
293,CoW Protocol,COW,https://s2.coinmarketcap.com/static/img/coins/64x64/19269.png,19269
294,SwftCoin,SWFTC,https://s2.coinmarketcap.com/static/img/coins/64x64/2341.png,2341
295,Storj,STORJ,https://s2.coinmarketcap.com/static/img/coins/64x64/1772.png,1772
296,Maple Finance,SYRUP,https://s2.coinmarketcap.com/static/img/coins/64x64/33824.png,33824
297,Qubic,QUBIC,https://s2.coinmarketcap.com/static/img/coins/64x64/29169.png,29169
298,Pixer Eternity,PXT,https://s2.coinmarketcap.com/static/img/coins/64x64/24346.png,24346
299,Rocket Pool,RPL,https://s2.coinmarketcap.com/static/img/coins/64x64/2943.png,2943
300,Audius,AUDIO,https://s2.coinmarketcap.com/static/img/coins/64x64/7455.png,7455
301,Usual,USUAL,https://s2.coinmarketcap.com/static/img/coins/64x64/33979.png,33979
302,Solana Name Service (previously Bonfida),FIDA,https://s2.coinmarketcap.com/static/img/coins/64x64/7978.png,7978
303,XPR Network,XPR,https://s2.coinmarketcap.com/static/img/coins/64x64/5350.png,5350
304,Prom,PROM,https://s2.coinmarketcap.com/static/img/coins/64x64/4120.png,4120
305,Biconomy,BICO,https://s2.coinmarketcap.com/static/img/coins/64x64/9543.png,9543
306,Sologenic,SOLO,https://s2.coinmarketcap.com/static/img/coins/64x64/5279.png,5279
307,ICON,ICX,https://s2.coinmarketcap.com/static/img/coins/64x64/2099.png,2099
308,Aster USDF,USDF,https://s2.coinmarketcap.com/static/img/coins/64x64/35437.png,35437
309,Metis,METIS,https://s2.coinmarketcap.com/static/img/coins/64x64/9640.png,9640
310,Aevo,AEVO,https://s2.coinmarketcap.com/static/img/coins/64x64/29676.png,29676
311,SUPRA,SUPRA,https://s2.coinmarketcap.com/static/img/coins/64x64/34240.png,34240
312,IOST,IOST,https://s2.coinmarketcap.com/static/img/coins/64x64/2405.png,2405
313,Neiro (First Neiro On Ethereum),NEIRO,https://s2.coinmarketcap.com/static/img/coins/64x64/32521.png,32521
314,UMA,UMA,https://s2.coinmarketcap.com/static/img/coins/64x64/5617.png,5617
315,Avail,AVAIL,https://s2.coinmarketcap.com/static/img/coins/64x64/32376.png,32376
316,WAX,WAXP,https://s2.coinmarketcap.com/static/img/coins/64x64/2300.png,2300
317,Memecoin,MEME,https://s2.coinmarketcap.com/static/img/coins/64x64/28301.png,28301
318,BLOCKv,VEE,https://s2.coinmarketcap.com/static/img/coins/64x64/2223.png,2223
319,Flux,FLUX,https://s2.coinmarketcap.com/static/img/coins/64x64/3029.png,3029
320,World Mobile Token,WMTX,https://s2.coinmarketcap.com/static/img/coins/64x64/13769.png,13769
321,VVS Finance,VVS,https://s2.coinmarketcap.com/static/img/coins/64x64/14519.png,14519
322,Animecoin,ANIME,https://s2.coinmarketcap.com/static/img/coins/64x64/35319.png,35319
323,Aleo,ALEO,https://s2.coinmarketcap.com/static/img/coins/64x64/32193.png,32193
324,Status,SNT,https://s2.coinmarketcap.com/static/img/coins/64x64/1759.png,1759
325,Lisk,LSK,https://s2.coinmarketcap.com/static/img/coins/64x64/1214.png,1214
326,Powerledger,POWR,https://s2.coinmarketcap.com/static/img/coins/64x64/2132.png,2132
327,Euler,EUL,https://s2.coinmarketcap.com/static/img/coins/64x64/14280.png,14280
328,Tensor,TNSR,https://s2.coinmarketcap.com/static/img/coins/64x64/30449.png,30449
329,Civic,CVC,https://s2.coinmarketcap.com/static/img/coins/64x64/1816.png,1816
330,Altlayer,ALT,https://s2.coinmarketcap.com/static/img/coins/64x64/29073.png,29073
331,Manta Network,MANTA,https://s2.coinmarketcap.com/static/img/coins/64x64/13631.png,13631
332,Spell Token,SPELL,https://s2.coinmarketcap.com/static/img/coins/64x64/11289.png,11289
333,BOOK OF MEME,BOME,https://s2.coinmarketcap.com/static/img/coins/64x64/29870.png,29870
334,Phala Network,PHA,https://s2.coinmarketcap.com/static/img/coins/64x64/6841.png,6841
335,IAGON,IAG,https://s2.coinmarketcap.com/static/img/coins/64x64/11078.png,11078
336,Across Protocol,ACX,https://s2.coinmarketcap.com/static/img/coins/64x64/22620.png,22620
337,IQ,IQ,https://s2.coinmarketcap.com/static/img/coins/64x64/2930.png,2930
338,Clearpool,CPOOL,https://s2.coinmarketcap.com/static/img/coins/64x64/12573.png,12573
339,Marlin,POND,https://s2.coinmarketcap.com/static/img/coins/64x64/7497.png,7497
340,USDB,USDB,https://s2.coinmarketcap.com/static/img/coins/64x64/29599.png,29599
341,Venus,XVS,https://s2.coinmarketcap.com/static/img/coins/64x64/7288.png,7288
342,BORA,BORA,https://s2.coinmarketcap.com/static/img/coins/64x64/3801.png,3801
343,Balancer,BAL,https://s2.coinmarketcap.com/static/img/coins/64x64/5728.png,5728
344,Velo,VELO,https://s2.coinmarketcap.com/static/img/coins/64x64/7127.png,7127
345,Yield Guild Games,YGG,https://s2.coinmarketcap.com/static/img/coins/64x64/10688.png,10688
346,aixbt,AIXBT,https://s2.coinmarketcap.com/static/img/coins/64x64/34103.png,34103
347,dForce,DF,https://s2.coinmarketcap.com/static/img/coins/64x64/4758.png,4758
348,Tokenlon Network Token,LON,https://s2.coinmarketcap.com/static/img/coins/64x64/8083.png,8083
349,CUDOS,CUDOS,https://s2.coinmarketcap.com/static/img/coins/64x64/8258.png,8258
350,Request,REQ,https://s2.coinmarketcap.com/static/img/coins/64x64/2071.png,2071
351,ssv.network,SSV,https://s2.coinmarketcap.com/static/img/coins/64x64/12999.png,12999
352,iExec RLC,RLC,https://s2.coinmarketcap.com/static/img/coins/64x64/1637.png,1637
353,GEODNET,GEOD,https://s2.coinmarketcap.com/static/img/coins/64x64/20969.png,20969
354,dKargo,DKA,https://s2.coinmarketcap.com/static/img/coins/64x64/5908.png,5908
355,Moonbeam,GLMR,https://s2.coinmarketcap.com/static/img/coins/64x64/6836.png,6836
356,Propy,PRO,https://s2.coinmarketcap.com/static/img/coins/64x64/1974.png,1974
357,Chromia,CHR,https://s2.coinmarketcap.com/static/img/coins/64x64/3978.png,3978
358,Ontology Gas,ONG,https://s2.coinmarketcap.com/static/img/coins/64x64/3217.png,3217
359,Blast,BLAST,https://s2.coinmarketcap.com/static/img/coins/64x64/28480.png,28480
360,Big Time,BIGTIME,https://s2.coinmarketcap.com/static/img/coins/64x64/28230.png,28230
361,Zano,ZANO,https://s2.coinmarketcap.com/static/img/coins/64x64/4691.png,4691
362,Symbol,XYM,https://s2.coinmarketcap.com/static/img/coins/64x64/8677.png,8677
363,MVL,MVL,https://s2.coinmarketcap.com/static/img/coins/64x64/2982.png,2982
364,MetFi,METFI,https://s2.coinmarketcap.com/static/img/coins/64x64/24225.png,24225
365,Zentry,ZENT,https://s2.coinmarketcap.com/static/img/coins/64x64/30963.png,30963
366,Pax Dollar,USDP,https://s2.coinmarketcap.com/static/img/coins/64x64/3330.png,3330
367,PAAL AI,PAAL,https://s2.coinmarketcap.com/static/img/coins/64x64/27178.png,27178
368,ArchLoot,AL,https://s2.coinmarketcap.com/static/img/coins/64x64/22765.png,22765
369,Orca,ORCA,https://s2.coinmarketcap.com/static/img/coins/64x64/11165.png,11165
370,Avalon Labs (AVL),AVL,https://s2.coinmarketcap.com/static/img/coins/64x64/35628.png,35628
371,BitDCA,BDCA,https://s2.coinmarketcap.com/static/img/coins/64x64/35637.png,35637
372,Illuvium,ILV,https://s2.coinmarketcap.com/static/img/coins/64x64/8719.png,8719
373,Decentralized Social,DESO,https://s2.coinmarketcap.com/static/img/coins/64x64/10442.png,10442
374,Taiko,TAIKO,https://s2.coinmarketcap.com/static/img/coins/64x64/31525.png,31525
375,SuperRare,RARE,https://s2.coinmarketcap.com/static/img/coins/64x64/11294.png,11294
376,Stratis [New],STRAX,https://s2.coinmarketcap.com/static/img/coins/64x64/30168.png,30168
377,Keep Network,KEEP,https://s2.coinmarketcap.com/static/img/coins/64x64/5566.png,5566
378,Adventure Gold,AGLD,https://s2.coinmarketcap.com/static/img/coins/64x64/11568.png,11568
379,Verge,XVG,https://s2.coinmarketcap.com/static/img/coins/64x64/693.png,693
380,ConstitutionDAO,PEOPLE,https://s2.coinmarketcap.com/static/img/coins/64x64/14806.png,14806
381,dYdX (ethDYDX),ETHDYDX,https://s2.coinmarketcap.com/static/img/coins/64x64/11156.png,11156
382,Orbs,ORBS,https://s2.coinmarketcap.com/static/img/coins/64x64/3835.png,3835
383,Arcblock,ABT,https://s2.coinmarketcap.com/static/img/coins/64x64/2545.png,2545
384,Oasys,OAS,https://s2.coinmarketcap.com/static/img/coins/64x64/22265.png,22265
385,Celer Network,CELR,https://s2.coinmarketcap.com/static/img/coins/64x64/3814.png,3814
386,ChainGPT,CGPT,https://s2.coinmarketcap.com/static/img/coins/64x64/23756.png,23756
387,Pundi X (New),PUNDIX,https://s2.coinmarketcap.com/static/img/coins/64x64/9040.png,9040
388,Dymension,DYM,https://s2.coinmarketcap.com/static/img/coins/64x64/28932.png,28932
389,USDX [Kava],USDX,https://s2.coinmarketcap.com/static/img/coins/64x64/6651.png,6651
390,Dogelon Mars,ELON,https://s2.coinmarketcap.com/static/img/coins/64x64/9436.png,9436
391,BitMart Token,BMX,https://s2.coinmarketcap.com/static/img/coins/64x64/2933.png,2933
392,Zebec Network,ZBCN,https://s2.coinmarketcap.com/static/img/coins/64x64/30636.png,30636
393,Radix,XRD,https://s2.coinmarketcap.com/static/img/coins/64x64/11948.png,11948
394,Orchid,OXT,https://s2.coinmarketcap.com/static/img/coins/64x64/5026.png,5026
395,peaq,PEAQ,https://s2.coinmarketcap.com/static/img/coins/64x64/14588.png,14588
396,Tellor,TRB,https://s2.coinmarketcap.com/static/img/coins/64x64/4944.png,4944
397,MiL.k,MLK,https://s2.coinmarketcap.com/static/img/coins/64x64/5266.png,5266
398,Dent,DENT,https://s2.coinmarketcap.com/static/img/coins/64x64/1886.png,1886
399,Pixels,PIXEL,https://s2.coinmarketcap.com/static/img/coins/64x64/29335.png,29335
400,Smooth Love Potion,SLP,https://s2.coinmarketcap.com/static/img/coins/64x64/5824.png,5824
401,Ethena Labs (USDTb),USDTb,https://s2.coinmarketcap.com/static/img/coins/64x64/34691.png,34691
402,PinLink,PIN,https://s2.coinmarketcap.com/static/img/coins/64x64/34017.png,34017
403,AI Rig Complex,ARC,https://s2.coinmarketcap.com/static/img/coins/64x64/34926.png,34926
404,0x0.ai,0x0,https://s2.coinmarketcap.com/static/img/coins/64x64/23355.png,23355
405,Xai,XAI,https://s2.coinmarketcap.com/static/img/coins/64x64/28933.png,28933
406,HashKey Platform Token,HSK,https://s2.coinmarketcap.com/static/img/coins/64x64/33849.png,33849
407,ECOMI,OMI,https://s2.coinmarketcap.com/static/img/coins/64x64/19075.png,19075
408,MyShell,SHELL,https://s2.coinmarketcap.com/static/img/coins/64x64/35710.png,35710
409,JOE,JOE,https://s2.coinmarketcap.com/static/img/coins/64x64/11396.png,11396
410,tokenbot,CLANKER,https://s2.coinmarketcap.com/static/img/coins/64x64/34285.png,34285
411,AI Analysis Token,AIAT,https://s2.coinmarketcap.com/static/img/coins/64x64/28688.png,28688
412,ISLM,ISLM,https://s2.coinmarketcap.com/static/img/coins/64x64/26220.png,26220
413,TerraClassicUSD,USTC,https://s2.coinmarketcap.com/static/img/coins/64x64/7129.png,7129
414,Liquity,LQTY,https://s2.coinmarketcap.com/static/img/coins/64x64/7429.png,7429
415,MediBloc,MED,https://s2.coinmarketcap.com/static/img/coins/64x64/2303.png,2303
416,Numeraire,NMR,https://s2.coinmarketcap.com/static/img/coins/64x64/1732.png,1732
417,DOGS,DOGS,https://s2.coinmarketcap.com/static/img/coins/64x64/32698.png,32698
418,Open Campus,EDU,https://s2.coinmarketcap.com/static/img/coins/64x64/24613.png,24613
419,Venom,VENOM,https://s2.coinmarketcap.com/static/img/coins/64x64/22059.png,22059
420,Scroll,SCR,https://s2.coinmarketcap.com/static/img/coins/64x64/26998.png,26998
421,Hey Anon,ANON,https://s2.coinmarketcap.com/static/img/coins/64x64/35092.png,35092
422,Steem,STEEM,https://s2.coinmarketcap.com/static/img/coins/64x64/1230.png,1230
423,Bitcoin Gold,BTG,https://s2.coinmarketcap.com/static/img/coins/64x64/2083.png,2083
424,Braintrust,BTRST,https://s2.coinmarketcap.com/static/img/coins/64x64/11584.png,11584
425,Centrifuge,CFG,https://s2.coinmarketcap.com/static/img/coins/64x64/6748.png,6748
426,Paycoin,PCI,https://s2.coinmarketcap.com/static/img/coins/64x64/5275.png,5275
427,Solv Protocol,SOLV,https://s2.coinmarketcap.com/static/img/coins/64x64/12165.png,12165
428,Ergo,ERG,https://s2.coinmarketcap.com/static/img/coins/64x64/1762.png,1762
429,lisUSD,lisUSD,https://s2.coinmarketcap.com/static/img/coins/64x64/21330.png,21330
430,Access Protocol,ACS,https://s2.coinmarketcap.com/static/img/coins/64x64/23195.png,23195
431,GoldPro Token,GPRO,https://s2.coinmarketcap.com/static/img/coins/64x64/28380.png,28380
432,Falcon USD,USDf,https://s2.coinmarketcap.com/static/img/coins/64x64/35721.png,35721
433,Kyber Network Crystal v2,KNC,https://s2.coinmarketcap.com/static/img/coins/64x64/9444.png,9444
434,Coin98,C98,https://s2.coinmarketcap.com/static/img/coins/64x64/10903.png,10903
435,Cartesi,CTSI,https://s2.coinmarketcap.com/static/img/coins/64x64/5444.png,5444
436,GoPlus Security,GPS,https://s2.coinmarketcap.com/static/img/coins/64x64/35268.png,35268
437,Humans.ai,HEART,https://s2.coinmarketcap.com/static/img/coins/64x64/15584.png,15584
438,Cetus Protocol,CETUS,https://s2.coinmarketcap.com/static/img/coins/64x64/25114.png,25114
439,BUSD,BUSD,https://s2.coinmarketcap.com/static/img/coins/64x64/4687.png,4687
440,Ark,ARK,https://s2.coinmarketcap.com/static/img/coins/64x64/1586.png,1586
441,Wilder World,WILD,https://s2.coinmarketcap.com/static/img/coins/64x64/9674.png,9674
442,Lift Dollar,USDL,https://s2.coinmarketcap.com/static/img/coins/64x64/32454.png,32454
443,Venus BUSD,vBUSD,https://s2.coinmarketcap.com/static/img/coins/64x64/7959.png,7959
444,Metal DAO,MTL,https://s2.coinmarketcap.com/static/img/coins/64x64/1788.png,1788
445,Autonolas,OLAS,https://s2.coinmarketcap.com/static/img/coins/64x64/28458.png,28458
446,GOHOME,GOHOME,https://s2.coinmarketcap.com/static/img/coins/64x64/35701.png,35701
447,Satoshi Airline,JET,https://s2.coinmarketcap.com/static/img/coins/64x64/32826.png,32826
448,BounceBit,BB,https://s2.coinmarketcap.com/static/img/coins/64x64/30746.png,30746
449,Unicorn Fart Dust,UFD,https://s2.coinmarketcap.com/static/img/coins/64x64/34853.png,34853
450,CARV,CARV,https://s2.coinmarketcap.com/static/img/coins/64x64/33372.png,33372
451,Zircuit,ZRC,https://s2.coinmarketcap.com/static/img/coins/64x64/29711.png,29711
452,GameBuild,GAME,https://s2.coinmarketcap.com/static/img/coins/64x64/31246.png,31246
453,Ardor,ARDR,https://s2.coinmarketcap.com/static/img/coins/64x64/1320.png,1320
454,Fartboy,FARTBOY,https://s2.coinmarketcap.com/static/img/coins/64x64/35426.png,35426
455,Anchored Coins AEUR,AEUR,https://s2.coinmarketcap.com/static/img/coins/64x64/28596.png,28596
456,Cookie DAO,COOKIE,https://s2.coinmarketcap.com/static/img/coins/64x64/31838.png,31838
457,Maple,MPL,https://s2.coinmarketcap.com/static/img/coins/64x64/9417.png,9417
458,Secret,SCRT,https://s2.coinmarketcap.com/static/img/coins/64x64/5604.png,5604
459,Comedian,BAN,https://s2.coinmarketcap.com/static/img/coins/64x64/33881.png,33881
460,Devve,DEVVE,https://s2.coinmarketcap.com/static/img/coins/64x64/29461.png,29461
461,Stronghold SHx,SHX,https://s2.coinmarketcap.com/static/img/coins/64x64/3661.png,3661
462,WINkLink,WIN,https://s2.coinmarketcap.com/static/img/coins/64x64/4206.png,4206
463,Aurora,AURORA,https://s2.coinmarketcap.com/static/img/coins/64x64/14803.png,14803
464,AgriDex,AGRI,https://s2.coinmarketcap.com/static/img/coins/64x64/34386.png,34386
465,Test,TST,https://s2.coinmarketcap.com/static/img/coins/64x64/35647.png,35647
466,Goldfinch,GFI,https://s2.coinmarketcap.com/static/img/coins/64x64/13967.png,13967
467,Non-Playable Coin,NPC,https://s2.coinmarketcap.com/static/img/coins/64x64/27960.png,27960
468,Banana Gun,BANANA,https://s2.coinmarketcap.com/static/img/coins/64x64/28066.png,28066
469,Delysium,AGI,https://s2.coinmarketcap.com/static/img/coins/64x64/24007.png,24007
470,H2O DAO,H2O,https://s2.coinmarketcap.com/static/img/coins/64x64/19091.png,19091
471,StormX,STMX,https://s2.coinmarketcap.com/static/img/coins/64x64/2297.png,2297
472,Moonriver,MOVR,https://s2.coinmarketcap.com/static/img/coins/64x64/9285.png,9285
473,Sleepless AI,AI,https://s2.coinmarketcap.com/static/img/coins/64x64/28846.png,28846
474,Goatseus Maximus,GOAT,https://s2.coinmarketcap.com/static/img/coins/64x64/33440.png,33440
475,Vanar Chain,VANRY,https://s2.coinmarketcap.com/static/img/coins/64x64/8037.png,8037
476,Gemini Dollar,GUSD,https://s2.coinmarketcap.com/static/img/coins/64x64/3306.png,3306
477,HarryPotterObamaSonic10Inu (ERC-20),BITCOIN,https://s2.coinmarketcap.com/static/img/coins/64x64/25220.png,25220
478,MESSIER,M87,https://s2.coinmarketcap.com/static/img/coins/64x64/20561.png,20561
479,MyNeighborAlice,ALICE,https://s2.coinmarketcap.com/static/img/coins/64x64/8766.png,8766
480,Omni Network,OMNI,https://s2.coinmarketcap.com/static/img/coins/64x64/30315.png,30315
481,smARTOFGIVING,AOG,https://s2.coinmarketcap.com/static/img/coins/64x64/3316.png,3316
482,Lumia,LUMIA,https://s2.coinmarketcap.com/static/img/coins/64x64/33439.png,33439
483,Bitget Wallet Token,BWB,https://s2.coinmarketcap.com/static/img/coins/64x64/31503.png,31503
484,Vulcan Forged (PYR),PYR,https://s2.coinmarketcap.com/static/img/coins/64x64/9308.png,9308
485,Wrapped ONUS,WONUS,https://s2.coinmarketcap.com/static/img/coins/64x64/33871.png,33871
486,Ponke,PONKE,https://s2.coinmarketcap.com/static/img/coins/64x64/29150.png,29150
487,Shentu,CTK,https://s2.coinmarketcap.com/static/img/coins/64x64/4807.png,4807
488,NetMind Token,NMT,https://s2.coinmarketcap.com/static/img/coins/64x64/29447.png,29447
489,Renzo,REZ,https://s2.coinmarketcap.com/static/img/coins/64x64/30843.png,30843
490,Bone ShibaSwap,BONE,https://s2.coinmarketcap.com/static/img/coins/64x64/11865.png,11865
491,Catizen,CATI,https://s2.coinmarketcap.com/static/img/coins/64x64/32966.png,32966
492,Shuffle,SHFL,https://s2.coinmarketcap.com/static/img/coins/64x64/29960.png,29960
493,Liquity USD,LUSD,https://s2.coinmarketcap.com/static/img/coins/64x64/9566.png,9566
494,API3,API3,https://s2.coinmarketcap.com/static/img/coins/64x64/7737.png,7737
495,Loom Network,LOOM,https://s2.coinmarketcap.com/static/img/coins/64x64/2588.png,2588
496,DODO,DODO,https://s2.coinmarketcap.com/static/img/coins/64x64/7224.png,7224
497,QuarkChain,QKC,https://s2.coinmarketcap.com/static/img/coins/64x64/2840.png,2840
498,NYM,NYM,https://s2.coinmarketcap.com/static/img/coins/64x64/17591.png,17591
499,Cobak Token,CBK,https://s2.coinmarketcap.com/static/img/coins/64x64/8107.png,8107
500,Simon's Cat,CAT,https://s2.coinmarketcap.com/static/img/coins/64x64/32724.png,32724
501,World Liberty Financial USD,USD1,https://s2.coinmarketcap.com/static/img/coins/64x64/36148.png,36148
502,Walrus,WAL,https://s2.coinmarketcap.com/static/img/coins/64x64/36119.png,36119
503,NEXPACE,NXPC,https://s2.coinmarketcap.com/static/img/coins/64x64/36044.png,36044
504,Moo Deng (moodengsol.com),MOODENG,https://s2.coinmarketcap.com/static/img/coins/64x64/33093.png,33093
505,Jupiter Perps LP,JLP,https://s2.coinmarketcap.com/static/img/coins/64x64/28853.png,28853
506,BUILDon,B,https://s2.coinmarketcap.com/static/img/coins/64x64/36532.png,36532
507,Keeta,KTA,https://s2.coinmarketcap.com/static/img/coins/64x64/36066.png,36066
508,Plume,PLUME,https://s2.coinmarketcap.com/static/img/coins/64x64/35364.png,35364
509,GHO,GHO,https://s2.coinmarketcap.com/static/img/coins/64x64/23508.png,23508
510,OpenEden OpenDollar,USDO,https://s2.coinmarketcap.com/static/img/coins/64x64/36067.png,36067
511,Legacy Token,LGCT,https://s2.coinmarketcap.com/static/img/coins/64x64/24257.png,24257
512,Launch Coin on Believe,LAUNCHCOIN,https://s2.coinmarketcap.com/static/img/coins/64x64/35487.png,35487
513,Saros,SAROS,https://s2.coinmarketcap.com/static/img/coins/64x64/29082.png,29082
514,Babylon,BABY,https://s2.coinmarketcap.com/static/img/coins/64x64/32198.png,32198
515,Ailey,ALE,https://s2.coinmarketcap.com/static/img/coins/64x64/30605.png,30605
516,Space and Time,SXT,https://s2.coinmarketcap.com/static/img/coins/64x64/36405.png,36405
517,Initia,INIT,https://s2.coinmarketcap.com/static/img/coins/64x64/33120.png,33120
518,Subsquid,SQD,https://s2.coinmarketcap.com/static/img/coins/64x64/12894.png,12894
519,Diverge Loop,DLC,https://s2.coinmarketcap.com/static/img/coins/64x64/21849.png,21849
520,AUSD,AUSD,https://s2.coinmarketcap.com/static/img/coins/64x64/32864.png,32864
521,WalletConnect Token,WCT,https://s2.coinmarketcap.com/static/img/coins/64x64/33152.png,33152
522,Alchemist AI,ALCH,https://s2.coinmarketcap.com/static/img/coins/64x64/34880.png,34880
523,siren,SIREN,https://s2.coinmarketcap.com/static/img/coins/64x64/35766.png,35766
524,TARS AI,TAI,https://s2.coinmarketcap.com/static/img/coins/64x64/20605.png,20605
525,SORA,XOR,https://s2.coinmarketcap.com/static/img/coins/64x64/5802.png,5802
526,Kamino Finance,KMNO,https://s2.coinmarketcap.com/static/img/coins/64x64/30986.png,30986
527,Sign,SIGN,https://s2.coinmarketcap.com/static/img/coins/64x64/35600.png,35600
528,Saga,SAGA,https://s2.coinmarketcap.com/static/img/coins/64x64/30372.png,30372
529,GRIFFAIN,GRIFFAIN,https://s2.coinmarketcap.com/static/img/coins/64x64/34792.png,34792
530,Nillion,NIL,https://s2.coinmarketcap.com/static/img/coins/64x64/35702.png,35702
531,Just a chill guy,CHILLGUY,https://s2.coinmarketcap.com/static/img/coins/64x64/34125.png,34125
532,Nexusmind,NMD,https://s2.coinmarketcap.com/static/img/coins/64x64/29585.png,29585
533,Merlin Chain,MERL,https://s2.coinmarketcap.com/static/img/coins/64x64/30712.png,30712
534,Pundi AI,PUNDIAI,https://s2.coinmarketcap.com/static/img/coins/64x64/35943.png,35943
535,Solidus Ai Tech,AITECH,https://s2.coinmarketcap.com/static/img/coins/64x64/19055.png,19055
536,Aergo,AERGO,https://s2.coinmarketcap.com/static/img/coins/64x64/3637.png,3637
537,Neiro Ethereum,NEIRO,https://s2.coinmarketcap.com/static/img/coins/64x64/32461.png,32461
538,Bancor,BNT,https://s2.coinmarketcap.com/static/img/coins/64x64/1727.png,1727
539,Degen,DEGEN,https://s2.coinmarketcap.com/static/img/coins/64x64/30096.png,30096
540,moonpig,MOONPIG,https://s2.coinmarketcap.com/static/img/coins/64x64/36415.png,36415
541,Apu Apustaja,APU,https://s2.coinmarketcap.com/static/img/coins/64x64/30008.png,30008
542,Fwog (SOL),FWOG,https://s2.coinmarketcap.com/static/img/coins/64x64/33291.png,33291
543,Osaka Protocol,OSAK,https://s2.coinmarketcap.com/static/img/coins/64x64/27533.png,27533
544,Frax USD,FRXUSD,https://s2.coinmarketcap.com/static/img/coins/64x64/36039.png,36039
545,Ski Mask Dog,SKI,https://s2.coinmarketcap.com/static/img/coins/64x64/31173.png,31173
546,Global Commercial Business,GCB,https://s2.coinmarketcap.com/static/img/coins/64x64/32068.png,32068
547,Neutron,NTRN,https://s2.coinmarketcap.com/static/img/coins/64x64/26680.png,26680
548,ANDY (ETH),ANDY,https://s2.coinmarketcap.com/static/img/coins/64x64/29879.png,29879
549,SUNDOG,SUNDOG,https://s2.coinmarketcap.com/static/img/coins/64x64/32717.png,32717
550,Rekt (rektcoin.com),REKT,https://s2.coinmarketcap.com/static/img/coins/64x64/34434.png,34434
551,Fuel Network,FUEL,https://s2.coinmarketcap.com/static/img/coins/64x64/24087.png,24087
552,Kujira,KUJI,https://s2.coinmarketcap.com/static/img/coins/64x64/15185.png,15185
553,Housecoin,HOUSE,https://s2.coinmarketcap.com/static/img/coins/64x64/36356.png,36356
554,Particle Network,PARTI,https://s2.coinmarketcap.com/static/img/coins/64x64/36102.png,36102
555,Gods Unchained,GODS,https://s2.coinmarketcap.com/static/img/coins/64x64/10631.png,10631
556,Cyber,CYBER,https://s2.coinmarketcap.com/static/img/coins/64x64/24781.png,24781
557,Keyboard Cat,KEYCAT,https://s2.coinmarketcap.com/static/img/coins/64x64/30637.png,30637
558,AVA,AVA,https://s2.coinmarketcap.com/static/img/coins/64x64/34116.png,34116
559,HashAI,HASHAI,https://s2.coinmarketcap.com/static/img/coins/64x64/30369.png,30369
